industry	category	name	domain	source	dataset
wholesale_retail	retail_hkrma_member	28 Watches 易發時計	28watches.com	HKRMA Membership Directory	hkrma.tsv
wholesale_retail	retail_hkrma_member	Billston Distribution Limited 斯龍代理有限公司	3dmats.hk	HKRMA Membership Directory	hkrma.tsv
wholesale_retail	retail_hkrma_member	Very Good Vision Company Limited 有眼福有限公司	3optical.com	HKRMA Membership Directory	hkrma.tsv
wholesale_retail	retail_hkrma_member	Falleno Company Limited	4sale.hk	HKRMA Membership Directory	hkrma.tsv
wholesale_retail	retail_hkrma_member	DFI Retail Group - 7-Eleven 牛奶有限公司 - 7-Eleven	7-eleven.com.hk	HKRMA Membership Directory	hkrma.tsv
wholesale_retail	retail_hkrma_member	Advanced Building Materials Company Limited 高建科技建材有限公司	abmwaterproof.com	HKRMA Membership Directory	hkrma.tsv
wholesale_retail	retail_hkrma_member	A Channel Limited 聯冠通有限公司	aces.hk	HKRMA Membership Directory	hkrma.tsv
wholesale_retail	retail_hkrma_member	Adamas Concept Limited 艾斯(香港)有限公司	adamasco.net	HKRMA Membership Directory	hkrma.tsv
wholesale_retail	retail_hkrma_member	Advance Beauty Company Ltd	advancebeauty.com.hk	HKRMA Membership Directory	hkrma.tsv
wholesale_retail	retail_hkrma_member	AEON Stores (Hong Kong) Co Limited 永旺(香港)百貨有限公司	aeoncity.com.hk	HKRMA Membership Directory	hkrma.tsv
wholesale_retail	retail_hkrma_member	AEON Stores (Hong Kong) Co Limited 永旺(香港)百貨有限公司	aeonstores.com.hk	HKRMA Membership Directory	hkrma.tsv
wholesale_retail	retail_hkrma_member	Kobuy Limited	ago.hk	HKRMA Membership Directory	hkrma.tsv
wholesale_retail	retail_hkrma_member	AIA BABY LTD	aiababy.com	HKRMA Membership Directory	hkrma.tsv
wholesale_retail	retail_hkrma_member	AGE 19	aikomall.com	HKRMA Membership Directory	hkrma.tsv
wholesale_retail	retail_hkrma_member	Airland Holding Company Limited 雅蘭集團有限公司	airland.com.hk	HKRMA Membership Directory	hkrma.tsv
wholesale_retail	retail_hkrma_member	Aloha International Limited	alohajewelleryhk.com	HKRMA Membership Directory	hkrma.tsv
wholesale_retail	retail_hkrma_member	AMA LAB BEAUTY	amalabbeauty.com	HKRMA Membership Directory	hkrma.tsv
wholesale_retail	retail_hkrma_member	Amber Baby Healing Jewelry	amberbabyhk.com	HKRMA Membership Directory	hkrma.tsv
wholesale_retail	retail_hkrma_member	Amway Hong Kong Ltd 美國安利(香港)日用品有限公司	amway.com.hk	HKRMA Membership Directory	hkrma.tsv
wholesale_retail	retail_hkrma_member	VG Zenith International Company Ltd 昇華國際企業有限公司	ankh.com.hk	HKRMA Membership Directory	hkrma.tsv
wholesale_retail	retail_hkrma_member	VG Zenith International Company Ltd 昇華國際企業有限公司	ankhocean.com	HKRMA Membership Directory	hkrma.tsv
wholesale_retail	retail_hkrma_member	AOAO LUXURY	aoaoluxury.com	HKRMA Membership Directory	hkrma.tsv
wholesale_retail	retail_hkrma_member	Unicorn Stores (HK) Limited	apitauny.com.hk	HKRMA Membership Directory	hkrma.tsv
wholesale_retail	retail_hkrma_member	C & Y HK LIMITED 晉鎣香港有限公司	aqualuxury.co	HKRMA Membership Directory	hkrma.tsv
wholesale_retail	retail_hkrma_member	Aria Audio Limited 雅詠音響有限公司	aria-audio.com	HKRMA Membership Directory	hkrma.tsv
wholesale_retail	retail_hkrma_member	Aristo Watch & Jewellery Limited 貴族鐘錶珠寶有限公司	aristowatch.hk	HKRMA Membership Directory	hkrma.tsv
wholesale_retail	retail_hkrma_member	ARTE HONG KONG LIMITED 艾爾蒂香港有限公司	arte-madrid.com	HKRMA Membership Directory	hkrma.tsv
wholesale_retail	retail_hkrma_member	AS Watson & Company Limited 屈臣氏有限公司	aswatson.com	HKRMA Membership Directory	hkrma.tsv
wholesale_retail	retail_hkrma_member	Yam's Home and Living 任意生活空間	baby-concept.com	HKRMA Membership Directory	hkrma.tsv
wholesale_retail	retail_hkrma_member	BUSYBEE PRODUCTION LIMITED	babypark.com.hk	HKRMA Membership Directory	hkrma.tsv
wholesale_retail	retail_hkrma_member	Bacons Beauty limited	baconsdutyfree.store	HKRMA Membership Directory	hkrma.tsv
wholesale_retail	retail_hkrma_member	Feu Trading Company	bagsholichk.com	HKRMA Membership Directory	hkrma.tsv
wholesale_retail	retail_hkrma_member	Bag Surgeon Limited	bagsurgeon.com	HKRMA Membership Directory	hkrma.tsv
wholesale_retail	retail_hkrma_member	Barbiebox Limited	barbiebox.store	HKRMA Membership Directory	hkrma.tsv
wholesale_retail	retail_hkrma_member	Basel One Jewelry and Watches Limited 百宏珠寶鐘錶有限公司	baselone.com	HKRMA Membership Directory	hkrma.tsv
wholesale_retail	retail_hkrma_member	BB Beauty & Cosmetic Limited 比比美容化妝有限公司	bbbeauty.com.hk	HKRMA Membership Directory	hkrma.tsv
wholesale_retail	retail_hkrma_member	Advance Bestway Limited	beaconliving.com.hk	HKRMA Membership Directory	hkrma.tsv
wholesale_retail	retail_hkrma_member	Bearbear Luxury Limited	bearbearluxury.com	HKRMA Membership Directory	hkrma.tsv
wholesale_retail	retail_hkrma_member	BEAR UNION TOY COMPANY 熊盟玩具公司	bearunion.com.hk	HKRMA Membership Directory	hkrma.tsv
wholesale_retail	retail_hkrma_member	Honorway International Limited 成譽國際有限公司	beauties-secret.com	HKRMA Membership Directory	hkrma.tsv
wholesale_retail	retail_hkrma_member	Beauty Affairs HK Limited	beautyaffairs.hk	HKRMA Membership Directory	hkrma.tsv
wholesale_retail	retail_hkrma_member	Pretty Choice Cosmetics Limited 美之選化粧品有限公司	beautyallnmore.com	HKRMA Membership Directory	hkrma.tsv
wholesale_retail	retail_hkrma_member	Supergo Company Limited 崇高有限公司	beautybliss.com.hk	HKRMA Membership Directory	hkrma.tsv
wholesale_retail	retail_hkrma_member	Mee Ki Beauty Limited	beautydechk.com	HKRMA Membership Directory	hkrma.tsv
wholesale_retail	retail_hkrma_member	BeautyNet Company 韓國護膚品專賣店	beautynet.com.hk	HKRMA Membership Directory	hkrma.tsv
wholesale_retail	retail_hkrma_member	BEAUTYSTORE03	beautystore03hk.com	HKRMA Membership Directory	hkrma.tsv
wholesale_retail	retail_hkrma_member	PRETTY CHOICE COSMETICS LIMITED 美之選化粧品有限公司	beauvela.com	HKRMA Membership Directory	hkrma.tsv
wholesale_retail	retail_hkrma_member	BE INTERNATIONAL MARKETING (HK) PTE. LIMITED. -	beintl.com.hk	HKRMA Membership Directory	hkrma.tsv
wholesale_retail	retail_hkrma_member	BEKA.LUX	bekalux.com	HKRMA Membership Directory	hkrma.tsv
wholesale_retail	retail_hkrma_member	Belle Talent Development (HK) Limited 百麗人才發展(香港)有限公司	belleintl.com	HKRMA Membership Directory	hkrma.tsv
wholesale_retail	retail_hkrma_member	Belluxe.store Limited	belluxestore.com	HKRMA Membership Directory	hkrma.tsv
wholesale_retail	retail_hkrma_member	Together Gifts & Household Company 商盈貿易公司	bidbidsuperstore.com	HKRMA Membership Directory	hkrma.tsv
wholesale_retail	retail_hkrma_member	Big C (HK) Company Limited	bigchk.com	HKRMA Membership Directory	hkrma.tsv
wholesale_retail	retail_hkrma_member	Biolyn (HK) Limited 寶富寧(香港)有限公司	biolyn.com.hk	HKRMA Membership Directory	hkrma.tsv
wholesale_retail	retail_hkrma_member	Wah Tai Swallow's Nest Co Limited 華泰燕窩莊有限公司	birdsnest.org.hk	HKRMA Membership Directory	hkrma.tsv
wholesale_retail	retail_hkrma_member	BLACKMODES	blackmodes.com	HKRMA Membership Directory	hkrma.tsv
wholesale_retail	retail_hkrma_member	Bluebell Hong Kong Limited	bluebellgroup.com	HKRMA Membership Directory	hkrma.tsv
wholesale_retail	retail_hkrma_member	Bonluxe (Asia) Ltd 葆露絲(亞洲)有限公司	bonluxe.hk	HKRMA Membership Directory	hkrma.tsv
wholesale_retail	retail_hkrma_member	Borwin Digital Limited 三陽數碼有限公司	borwin.com.hk	HKRMA Membership Directory	hkrma.tsv
wholesale_retail	retail_hkrma_member	American Beauty Global Limited 美國純美環球有限公司	boutir.com	HKRMA Membership Directory	hkrma.tsv
wholesale_retail	retail_hkrma_member	BRANDVIP Limited 奢站有限公司	brandviphk.store	HKRMA Membership Directory	hkrma.tsv
wholesale_retail	retail_hkrma_member	Brooks Brothers Hong Kong Limited	brooksbrothers.com.hk	HKRMA Membership Directory	hkrma.tsv
wholesale_retail	retail_hkrma_member	BSH Home Appliances Limited 博西華家用電器有限公司	bsh-group.com	HKRMA Membership Directory	hkrma.tsv
wholesale_retail	retail_hkrma_member	BSH Home Appliances Limited 博西華家用電器有限公司	bsh-group.hk	HKRMA Membership Directory	hkrma.tsv
wholesale_retail	retail_hkrma_member	BUY-FRIENDLY.COM LIMITED 購買易有限公司	buy-friendly.com	HKRMA Membership Directory	hkrma.tsv
wholesale_retail	retail_hkrma_member	Chinese Arts & Crafts (HK) Ltd 中藝(香港)有限公司	cachk.com	HKRMA Membership Directory	hkrma.tsv
wholesale_retail	retail_hkrma_member	CATALO Natural Health Science (Retail) Limited 家得路天然健康科學(零售)有限公司	catalo.com.hk	HKRMA Membership Directory	hkrma.tsv
wholesale_retail	retail_hkrma_member	CB SLIM LIMITED 魅力創造纖體美容有限公司	cbslim.com.hk	HKRMA Membership Directory	hkrma.tsv
wholesale_retail	retail_hkrma_member	CB WATCHES LIMITED 百匯鐘錶有限公司	cbwatch.store	HKRMA Membership Directory	hkrma.tsv
wholesale_retail	retail_hkrma_member	CC Vintage	ccvintagehk.com	HKRMA Membership Directory	hkrma.tsv
wholesale_retail	retail_hkrma_member	CDF Hong Kong Downtown Duty Free Shop Limited 中免香港市內免稅店有限公司	cdf-beauty.com	HKRMA Membership Directory	hkrma.tsv
wholesale_retail	retail_hkrma_member	Celki International Limited 尚健國際有限公司	celki.com	HKRMA Membership Directory	hkrma.tsv
wholesale_retail	retail_hkrma_member	Chairman Instruments Trading Limited 俊文樂器貿易有限公司	chairman.hk	HKRMA Membership Directory	hkrma.tsv
wholesale_retail	retail_hkrma_member	Chelsea International Limited 保森國際有限公司	chelseainternational.hk	HKRMA Membership Directory	hkrma.tsv
wholesale_retail	retail_hkrma_member	CHILLING TECH LIMITED	chill.love	HKRMA Membership Directory	hkrma.tsv
wholesale_retail	retail_hkrma_member	CHILL WINE LIMITED	chillwinehk.com	HKRMA Membership Directory	hkrma.tsv
wholesale_retail	retail_hkrma_member	Chow Sang Sang Jewellery Company Limited 周生生珠寶金行有限公司	chowsangsang.com	HKRMA Membership Directory	hkrma.tsv
wholesale_retail	retail_hkrma_member	Chow Tai Fook Jewellery Co Ltd 周大福珠寶金行有限公司	chowtaifook.com	HKRMA Membership Directory	hkrma.tsv
wholesale_retail	retail_hkrma_member	Circle K Convenience Stores (HK) Ltd OK 便利店有限公司	circlek.hk	HKRMA Membership Directory	hkrma.tsv
wholesale_retail	retail_hkrma_member	Citistore (Hong Kong) Limited 千色Citistore	citistore.com.hk	HKRMA Membership Directory	hkrma.tsv
wholesale_retail	retail_hkrma_member	City Chain Co Ltd 時間廊鐘錶有限公司	citychain.com.hk	HKRMA Membership Directory	hkrma.tsv
wholesale_retail	retail_hkrma_member	Citylink Electronics Ltd 領域電訊有限公司	citylink.com.hk	HKRMA Membership Directory	hkrma.tsv
wholesale_retail	retail_hkrma_member	City Super Limited	citysuper.com.hk	HKRMA Membership Directory	hkrma.tsv
wholesale_retail	retail_hkrma_member	Man Kan International Limited 敏勤國際有限公司	ckland.store	HKRMA Membership Directory	hkrma.tsv
wholesale_retail	retail_hkrma_member	Easy Trade 18 Limited 買賣18有限公司	cl-mall.com	HKRMA Membership Directory	hkrma.tsv
wholesale_retail	retail_hkrma_member	C Live Online Limited 獅生活有限公司	clive.com.hk	HKRMA Membership Directory	hkrma.tsv
wholesale_retail	retail_hkrma_member	CLP Power Hong Kong Limited 中華電力有限公司	clp.com.hk	HKRMA Membership Directory	hkrma.tsv
wholesale_retail	retail_hkrma_member	Club De Maison Limited 美盛薈	clubdemaison.com	HKRMA Membership Directory	hkrma.tsv
wholesale_retail	retail_hkrma_member	Coco.Vintage Company Limited	cocovintage.com.hk	HKRMA Membership Directory	hkrma.tsv
wholesale_retail	retail_hkrma_member	Coherent Glee Limited 連喜有限公司	coherenthk.com	HKRMA Membership Directory	hkrma.tsv
wholesale_retail	retail_hkrma_member	Man Kan International Limited 敏勤國際有限公司	comicalkidsland.com	HKRMA Membership Directory	hkrma.tsv
wholesale_retail	retail_hkrma_member	Comvita HK Limited 康維他香港有限公司	comvita.com.hk	HKRMA Membership Directory	hkrma.tsv
wholesale_retail	retail_hkrma_member	Concept (HK) Trading Limited	conceptstorehk.com	HKRMA Membership Directory	hkrma.tsv
wholesale_retail	retail_hkrma_member	Cool Time Limited 盈芊有限公司	cooltimeltd.com	HKRMA Membership Directory	hkrma.tsv
wholesale_retail	retail_hkrma_member	Cool Watch Co., Limited 高一鐘錶有限公司	coolwatchgo1.com	HKRMA Membership Directory	hkrma.tsv
wholesale_retail	retail_hkrma_member	Crystal Cava Limited	crystalcava.com.hk	HKRMA Membership Directory	hkrma.tsv
wholesale_retail	retail_hkrma_member	Crystal Fate International Limited 晶石良緣國際有限公司	crystalfatehk.com	HKRMA Membership Directory	hkrma.tsv
wholesale_retail	retail_hkrma_member	Chow Tai Fook Jewellery Co Ltd 周大福珠寶金行有限公司	ctfeshop.com.hk	HKRMA Membership Directory	hkrma.tsv
wholesale_retail	retail_hkrma_member	Citistore (Hong Kong) Limited 千色Citistore	cuapp.com	HKRMA Membership Directory	hkrma.tsv
wholesale_retail	retail_hkrma_member	Platinum Health Care Limited 鉑康醫療用品有限公司	cwheelchair.com.hk	HKRMA Membership Directory	hkrma.tsv
wholesale_retail	retail_hkrma_member	Good Loyal Technology Ltd – Cyber Telecom 通訊無限	cybertelecom.com	HKRMA Membership Directory	hkrma.tsv
wholesale_retail	retail_hkrma_member	CHUNG YUNG CYCLE CO 鎮洋兄弟單車公司	cycbicycle.com	HKRMA Membership Directory	hkrma.tsv
wholesale_retail	retail_hkrma_member	Chung Yuen Electrical Co Ltd 中原電器行有限公司	cyeshop.com	HKRMA Membership Directory	hkrma.tsv
wholesale_retail	retail_hkrma_member	DA ACE Group Limited	daace.com.hk	HKRMA Membership Directory	hkrma.tsv
wholesale_retail	retail_hkrma_member	Diamond Wealth Trading Limited 鑽豐行有限公司	daime.com.hk	HKRMA Membership Directory	hkrma.tsv
wholesale_retail	retail_hkrma_member	Bo Crown Building Materials Ltd 寶冠建材有限公司	delong.com.hk	HKRMA Membership Directory	hkrma.tsv
wholesale_retail	retail_hkrma_member	DETERMINANT (HONG KONG) LIMITED 十如仕(香港)有限公司	detshirts.com	HKRMA Membership Directory	hkrma.tsv
wholesale_retail	retail_hkrma_member	DFS Group Ltd	dfs.com	HKRMA Membership Directory	hkrma.tsv
wholesale_retail	retail_hkrma_member	Diamania Jewelry Limited 迷雅鑽珠寶有限公司	diamania.com.hk	HKRMA Membership Directory	hkrma.tsv
wholesale_retail	retail_hkrma_member	Diamond Asia HK Ltd. 香港鑽石有限公司	diamondasia.hk	HKRMA Membership Directory	hkrma.tsv
wholesale_retail	retail_hkrma_member	Grandeur J 福成鴻源	diamondprice.store	HKRMA Membership Directory	hkrma.tsv
wholesale_retail	retail_hkrma_member	DINCEY LIMITED 蒂施有限公司	dincey.com	HKRMA Membership Directory	hkrma.tsv
wholesale_retail	retail_hkrma_member	Golden Legend Enterprises Limited 金俊企業有限公司	directorsclub.hk	HKRMA Membership Directory	hkrma.tsv
wholesale_retail	retail_hkrma_member	Douce France Limited 合喬有限公司	doucefrance.hk	HKRMA Membership Directory	hkrma.tsv
wholesale_retail	retail_hkrma_member	Dr. Kong Footcare Limited Dr. Kong 健康鞋專門店	dr-kong.com.hk	HKRMA Membership Directory	hkrma.tsv
wholesale_retail	retail_hkrma_member	Dream Sneaker HK	dreamsneaker.com	HKRMA Membership Directory	hkrma.tsv
wholesale_retail	retail_hkrma_member	DUO TRADING LIMITED	duosstorehk.com	HKRMA Membership Directory	hkrma.tsv
wholesale_retail	retail_hkrma_member	NC Limited 安詩有限公司	dutyfreeben.hk	HKRMA Membership Directory	hkrma.tsv
wholesale_retail	retail_hkrma_member	E78 Shop E78體育用品專門店	e78.us	HKRMA Membership Directory	hkrma.tsv
wholesale_retail	retail_hkrma_member	Eco Ring Hong Kong Limited	ecoringhk.com	HKRMA Membership Directory	hkrma.tsv
wholesale_retail	retail_hkrma_member	AS Watson Retail (HK) Limited - ElecBoy 屈臣氏零售 (香港) 有限公司 - 電器幫	elecboy.com.hk	HKRMA Membership Directory	hkrma.tsv
wholesale_retail	retail_hkrma_member	Team Elegant Limited 旺有限公司	elegantbeauty.com.hk	HKRMA Membership Directory	hkrma.tsv
wholesale_retail	retail_hkrma_member	XINYU SHENGSHI INVESTMENT CO., LIMITED 新宇盛時投資有限公司	elegantwatch.net	HKRMA Membership Directory	hkrma.tsv
wholesale_retail	retail_hkrma_member	Emperor Watch & Jewellery (HK) Co Ltd 英皇鐘錶珠寶(香港)有限公司	emperorwatchjewellery.com	HKRMA Membership Directory	hkrma.tsv
wholesale_retail	retail_hkrma_member	EPICURE GROUP LIMITED	epicure.hk	HKRMA Membership Directory	hkrma.tsv
wholesale_retail	retail_hkrma_member	Europe Shopping Agent (Hong Kong) Limited 歐洲品牌代購(香港)有限公司	esahk.net	HKRMA Membership Directory	hkrma.tsv
wholesale_retail	retail_hkrma_member	Europe Watch Company Limited 歐洲坊有限公司	europewatch.com.hk	HKRMA Membership Directory	hkrma.tsv
wholesale_retail	retail_hkrma_member	Eu Yan Sang (HK) Ltd 余仁生(香港)有限公司	euyansang.com.hk	HKRMA Membership Directory	hkrma.tsv
wholesale_retail	retail_hkrma_member	Ever-Beauty B. Company Limited 麒泰沛膚有限公司	everbeautybshop.com.hk	HKRMA Membership Directory	hkrma.tsv
wholesale_retail	retail_hkrma_member	Everbright Sports Company Limited 曉暉體育推廣有限公司	everbrightsports.com	HKRMA Membership Directory	hkrma.tsv
wholesale_retail	retail_hkrma_member	Eye's Mate Optical Company 愛視美眼鏡	eyesmate.com.hk	HKRMA Membership Directory	hkrma.tsv
wholesale_retail	retail_hkrma_member	FAIRTON TRADING COMPANY LIMITED N/A	fairton.com	HKRMA Membership Directory	hkrma.tsv
wholesale_retail	retail_hkrma_member	Family Fun Environmental Protection & Health Ltd 家居樂環保與健康有限公司	familyfun-eph.com	HKRMA Membership Directory	hkrma.tsv
wholesale_retail	retail_hkrma_member	Fila Marketing (Hong Kong) Ltd 斐樂市場(香港) 有限公司	fila.com.hk	HKRMA Membership Directory	hkrma.tsv
wholesale_retail	retail_hkrma_member	FORTRESS 豐澤	fortress.com.hk	HKRMA Membership Directory	hkrma.tsv
wholesale_retail	retail_hkrma_member	FOURPO AV CENTRE LIMITED 四寶視聽中心有限公司	fourpohk.com	HKRMA Membership Directory	hkrma.tsv
wholesale_retail	retail_hkrma_member	Nagoya.f vintage collection	furuyavintage.com	HKRMA Membership Directory	hkrma.tsv
wholesale_retail	retail_hkrma_member	Geniebiome Limited 精進微生物科技有限公司	g-niib.com	HKRMA Membership Directory	hkrma.tsv
wholesale_retail	retail_hkrma_member	Gallery Luxe	galleryluxehk.com	HKRMA Membership Directory	hkrma.tsv
wholesale_retail	retail_hkrma_member	Glamour Hermes Glamour	ghgluxury.com.hk	HKRMA Membership Directory	hkrma.tsv
wholesale_retail	retail_hkrma_member	World Engineering Limited 上將工程有限公司	giggas.com	HKRMA Membership Directory	hkrma.tsv
wholesale_retail	retail_hkrma_member	Arredamenti Company Limited 歐達傢俱有限公司	giormani.com	HKRMA Membership Directory	hkrma.tsv
wholesale_retail	retail_hkrma_member	GMA Building Material (HK) Company Limited 天藝建築材料(香港)有限公司	gmahome.com.hk	HKRMA Membership Directory	hkrma.tsv
wholesale_retail	retail_hkrma_member	General Health Development Ltd	gnclivewell.com.hk	HKRMA Membership Directory	hkrma.tsv
wholesale_retail	retail_hkrma_member	GoBo Lock and Key Duplicating 高寶鎖業	gobolock-hk.com	HKRMA Membership Directory	hkrma.tsv
wholesale_retail	retail_hkrma_member	GOLDEN ROW TRADING LIMITED 世利行貿易有限公司	goldenrow.cn	HKRMA Membership Directory	hkrma.tsv
wholesale_retail	retail_hkrma_member	GOLDY GINSENG LTD 金德參行有限公司	goldyginsengltd.com	HKRMA Membership Directory	hkrma.tsv
wholesale_retail	retail_hkrma_member	Good Luxe Limited 凝一有限公司	goodluxehk.com	HKRMA Membership Directory	hkrma.tsv
wholesale_retail	retail_hkrma_member	Good Point Food Company Limited 好棧食品有限公司	goodpointshop.com.hk	HKRMA Membership Directory	hkrma.tsv
wholesale_retail	retail_hkrma_member	Goodyear Perfume Centre Ltd. 合成香水中心有限公司	goodyearperfumecentre.com	HKRMA Membership Directory	hkrma.tsv
wholesale_retail	retail_hkrma_member	Gopop HK Limited	gopopstation.com	HKRMA Membership Directory	hkrma.tsv
wholesale_retail	retail_hkrma_member	Gotendo Beauty and Healthcare Group 御殿堂藥妝有限公司	gotendo.com.hk	HKRMA Membership Directory	hkrma.tsv
wholesale_retail	retail_hkrma_member	Grandway International Education Limited 富嘉國際教育有限公司	grandwaycourse.com	HKRMA Membership Directory	hkrma.tsv
wholesale_retail	retail_hkrma_member	Gethemall (HK) Ltd. 益你麼(問號)有限公司	gtm.hk	HKRMA Membership Directory	hkrma.tsv
wholesale_retail	retail_hkrma_member	New Cynosure Company Limited 創生興業有限公司	hairagain.com.hk	HKRMA Membership Directory	hkrma.tsv
wholesale_retail	retail_hkrma_member	Hair Beauty Pro Company Limited 髮品站有限公司	hairbeautypro.com	HKRMA Membership Directory	hkrma.tsv
wholesale_retail	retail_hkrma_member	Halook Limited	halook.com	HKRMA Membership Directory	hkrma.tsv
wholesale_retail	retail_hkrma_member	Halo World Limited 華通世界有限公司	haloworld.hk	HKRMA Membership Directory	hkrma.tsv
wholesale_retail	retail_hkrma_member	Prime Mark Holdings Limited 卓志投資有限公司	hannah.hk	HKRMA Membership Directory	hkrma.tsv
wholesale_retail	retail_hkrma_member	Happywise Watch & Jewellery Company 智欣鐘錶珠寶公司	happywisewatch.com.hk	HKRMA Membership Directory	hkrma.tsv
wholesale_retail	retail_hkrma_member	Hareody Home (Hong Kong) Limited 華諾狄家居(香港)有限公司	hareodyhome.com	HKRMA Membership Directory	hkrma.tsv
wholesale_retail	retail_hkrma_member	Loyal Gain Group Limited 利忠集團有限公司	hbfamily.com.hk	HKRMA Membership Directory	hkrma.tsv
wholesale_retail	retail_hkrma_member	Retailcorp Limited 零售企業有限公司	healthplus.com.hk	HKRMA Membership Directory	hkrma.tsv
wholesale_retail	retail_hkrma_member	Health Smart Limited 樂本健有限公司	healthsmart.com.hk	HKRMA Membership Directory	hkrma.tsv
wholesale_retail	retail_hkrma_member	Heart Of Luxe Company Limited 名滙(香港)有限公司	heartofluxe.com.hk	HKRMA Membership Directory	hkrma.tsv
wholesale_retail	retail_hkrma_member	Heep Hong Society 協康會	heephong.org	HKRMA Membership Directory	hkrma.tsv
wholesale_retail	retail_hkrma_member	Hong Kong Air Purifier Center Limited 香港空氣淨器中心有限公司	hkapc.org	HKRMA Membership Directory	hkrma.tsv
wholesale_retail	retail_hkrma_member	HK Motion Universal Limited 香港動力環球有限公司	hkbasket.com	HKRMA Membership Directory	hkrma.tsv
wholesale_retail	retail_hkrma_member	CHUNG YUNG CYCLE CO 鎮洋兄弟單車公司	hkbicycle.com	HKRMA Membership Directory	hkrma.tsv
wholesale_retail	retail_hkrma_member	Dear.Gems	hkdeargems.com	HKRMA Membership Directory	hkrma.tsv
wholesale_retail	retail_hkrma_member	Hang Cheong Loong Bird's Nest & Ginseng Ltd 恆昌隆燕窩參茸行有限公司	hkhcl.com	HKRMA Membership Directory	hkrma.tsv
wholesale_retail	retail_hkrma_member	HK Motion Universal Limited 香港動力環球有限公司	hkmotion.com	HKRMA Membership Directory	hkrma.tsv
wholesale_retail	retail_hkrma_member	Shing Yuen (Hong Kong) Limited - Quality Bird's Nest 盛源(香港)有限公司 - 優質燕窩莊	hkqbn.com	HKRMA Membership Directory	hkrma.tsv
wholesale_retail	retail_hkrma_member	ywaveluxury limited 億浪奢侈品有限公司	hkrma.org	HKRMA Membership Directory	hkrma.tsv
wholesale_retail	retail_hkrma_member	JAPANIFUL	hkskincart.com	HKRMA Membership Directory	hkrma.tsv
wholesale_retail	retail_hkrma_member	Hongkong Suning.com Co., Limited 香港蘇寧易購有限公司	hksuning.com	HKRMA Membership Directory	hkrma.tsv
wholesale_retail	retail_hkrma_member	Hong Kong Trade Development Council 香港貿易發展局	hktdc.com	HKRMA Membership Directory	hkrma.tsv
wholesale_retail	retail_hkrma_member	LDB Consultant Limited 德悅顧問有限公司	hktvmall.com	HKRMA Membership Directory	hkrma.tsv
wholesale_retail	retail_hkrma_member	Hoho Medical Limited 好好醫療用品有限公司	hohomedical.com	HKRMA Membership Directory	hkrma.tsv
wholesale_retail	retail_hkrma_member	HONG KONG INNOVATION AND ENTREPRENEURSHIP LIMITED 香港創新創業有限公司	hongkongmall.com	HKRMA Membership Directory	hkrma.tsv
wholesale_retail	retail_hkrma_member	Hong Kong Honma Golf Co Ltd 香港本間高爾夫有限公司	honmagolf.com.hk	HKRMA Membership Directory	hkrma.tsv
wholesale_retail	retail_hkrma_member	mainly files limited 明歷有限公司	horohk.com	HKRMA Membership Directory	hkrma.tsv
wholesale_retail	retail_hkrma_member	Hush Home Hong Kong Limited	hushhome.com	HKRMA Membership Directory	hkrma.tsv
wholesale_retail	retail_hkrma_member	HUSKY Sneaker Limited	huskysneaker.com	HKRMA Membership Directory	hkrma.tsv
wholesale_retail	retail_hkrma_member	Imperial Bird's Nest International Co Ltd 官燕棧國際有限公司	ibnest.com	HKRMA Membership Directory	hkrma.tsv
wholesale_retail	retail_hkrma_member	I Love Kitchen Limited 我愛廚房有限公司	ilovekitchen.com	HKRMA Membership Directory	hkrma.tsv
wholesale_retail	retail_hkrma_member	Sure Victory Trading Limited 得勝貿易有限公司	imobile.com.hk	HKRMA Membership Directory	hkrma.tsv
wholesale_retail	retail_hkrma_member	IBL Imports (HK) Ltd	isabella-asia.com	HKRMA Membership Directory	hkrma.tsv
wholesale_retail	retail_hkrma_member	ISA Boutique Ltd	isaboutique.com	HKRMA Membership Directory	hkrma.tsv
wholesale_retail	retail_hkrma_member	ISA Boutique Ltd	isaboutique.com.hk	HKRMA Membership Directory	hkrma.tsv
wholesale_retail	retail_hkrma_member	ISSI Boutique International Limited 意詩國際有限公司	issioutlet.com.hk	HKRMA Membership Directory	hkrma.tsv
wholesale_retail	retail_hkrma_member	JA SPLENDOR COMPANY 永如璀璨公司	jasplendor.com	HKRMA Membership Directory	hkrma.tsv
wholesale_retail	retail_hkrma_member	JD.COM International limited 京东国际有限公司	jd.hk	HKRMA Membership Directory	hkrma.tsv
wholesale_retail	retail_hkrma_member	Rich Tenfold Holdings Limited 萬通控股有限公司	jenshk.com	HKRMA Membership Directory	hkrma.tsv
wholesale_retail	retail_hkrma_member	J & Y Cleaning Equipment Limited 進業清潔器材有限公司	jny.com.hk	HKRMA Membership Directory	hkrma.tsv
wholesale_retail	retail_hkrma_member	FOUR ESSENTIALS LIMITED	jpedia.hk	HKRMA Membership Directory	hkrma.tsv
wholesale_retail	retail_hkrma_member	H LUX LIMITED	kicks-project.com	HKRMA Membership Directory	hkrma.tsv
wholesale_retail	retail_hkrma_member	CCCROWD LIMITED	kickscrowd.com	HKRMA Membership Directory	hkrma.tsv
wholesale_retail	retail_hkrma_member	K ICON	kiconfashion.com	HKRMA Membership Directory	hkrma.tsv
wholesale_retail	retail_hkrma_member	King Fook Jewellery Group Ltd 景福珠寶集團有限公司	kingfook.com	HKRMA Membership Directory	hkrma.tsv
wholesale_retail	retail_hkrma_member	King Suleiman Watch & Jewellery Limited 所羅門帝皇鐘錶珠寶有限公司	kingsuleiman.com	HKRMA Membership Directory	hkrma.tsv
wholesale_retail	retail_hkrma_member	Kingsway Beauty	kingswaybeauty.com.hk	HKRMA Membership Directory	hkrma.tsv
wholesale_retail	retail_hkrma_member	King's Wine Cellar (HK) Limited 帝醇酒莊(香港)有限公司	kingswine.hk	HKRMA Membership Directory	hkrma.tsv
wholesale_retail	retail_hkrma_member	Kwong Lung Hong 廣隆行	kwonglunghong.com.hk	HKRMA Membership Directory	hkrma.tsv
wholesale_retail	retail_hkrma_member	Sun International Concepts Limited 新達代理有限公司	labw.co	HKRMA Membership Directory	hkrma.tsv
wholesale_retail	retail_hkrma_member	Ladies Luxury HK Trading Company ⽇本直郵	ladiesluxuryhk.com	HKRMA Membership Directory	hkrma.tsv
wholesale_retail	retail_hkrma_member	Lafayette Watch Gallery LTD 老佛爺有限公司	lafayettewatch.com	HKRMA Membership Directory	hkrma.tsv
wholesale_retail	retail_hkrma_member	Lalique Asia Limited 萊儷亞洲有限公司	lalique.com	HKRMA Membership Directory	hkrma.tsv
wholesale_retail	retail_hkrma_member	LAMLAM BEAUTY	lamlambeautyhk.com	HKRMA Membership Directory	hkrma.tsv
wholesale_retail	retail_hkrma_member	Langham Beauty Limited	langhambeauty.com	HKRMA Membership Directory	hkrma.tsv
wholesale_retail	retail_hkrma_member	LaReina Beauty Retail & Wholesale Limited	lareina.shop	HKRMA Membership Directory	hkrma.tsv
wholesale_retail	retail_hkrma_member	Lofty Limited	lbuy.hk	HKRMA Membership Directory	hkrma.tsv
wholesale_retail	retail_hkrma_member	Legacy Artisan Limited 英格奢品有限公司	legacyartisan.com	HKRMA Membership Directory	hkrma.tsv
wholesale_retail	retail_hkrma_member	Leighton Wine	leightonwine.com	HKRMA Membership Directory	hkrma.tsv
wholesale_retail	retail_hkrma_member	Lemon Concept Limited 領網概念有限公司	lemonfashion.com.hk	HKRMA Membership Directory	hkrma.tsv
wholesale_retail	retail_hkrma_member	LGC TECHNOLOGY LIMITED 勵志科技有限公司	letsgoaudio.com	HKRMA Membership Directory	hkrma.tsv
wholesale_retail	retail_hkrma_member	Lexy ® Adult Sex Toys Store Lexy ® 香港成人用品店	lexy.com.hk	HKRMA Membership Directory	hkrma.tsv
wholesale_retail	retail_hkrma_member	Very Good Vision Company Limited 有眼福有限公司	likeoptical.com	HKRMA Membership Directory	hkrma.tsv
wholesale_retail	retail_hkrma_member	Legend Corporate Company Limited 勵駿企業有限公司	littlelamblux.com	HKRMA Membership Directory	hkrma.tsv
wholesale_retail	retail_hkrma_member	Little Thing	littlethinghk.com	HKRMA Membership Directory	hkrma.tsv
wholesale_retail	retail_hkrma_member	Stylexx Limited	lofastylexx.com	HKRMA Membership Directory	hkrma.tsv
wholesale_retail	retail_hkrma_member	JS HONG KONG LIMITED	londonkelly.com.hk	HKRMA Membership Directory	hkrma.tsv
wholesale_retail	retail_hkrma_member	LHBB Company Limited	lovehoneybeebee.com	HKRMA Membership Directory	hkrma.tsv
wholesale_retail	retail_hkrma_member	LOVEJEWELLERYHK 愛首飾	lovejewellery.hk	HKRMA Membership Directory	hkrma.tsv
wholesale_retail	retail_hkrma_member	TOP OCEAN ENTERPRISE LIMITED 海升企業有限公司	lovintage.com	HKRMA Membership Directory	hkrma.tsv
wholesale_retail	retail_hkrma_member	Luk Fook Jewellery & Goldsmith (HK) Co Ltd 六福珠寶金行(香港)有限公司	lukfook.com.hk	HKRMA Membership Directory	hkrma.tsv
wholesale_retail	retail_hkrma_member	Luxbuybuy	luxbuybuy.com	HKRMA Membership Directory	hkrma.tsv
wholesale_retail	retail_hkrma_member	Luxury Genesis Limited 世紀名鑄有限公司	luxury-genesis.com	HKRMA Membership Directory	hkrma.tsv
wholesale_retail	retail_hkrma_member	Victory International Company 域勝國際公司	luxurystyles.biz	HKRMA Membership Directory	hkrma.tsv
wholesale_retail	retail_hkrma_member	CHUN HEE TRADING INTERNATIONAL LIMITED 俊希貿易國際有限公司	madmaxtoys.store	HKRMA Membership Directory	hkrma.tsv
wholesale_retail	retail_hkrma_member	Manaddict	manaddictt.com	HKRMA Membership Directory	hkrma.tsv
wholesale_retail	retail_hkrma_member	Man Fook Jewellery Holdings Ltd 萬福珠寶集團有限公司	manfookjewelry.com	HKRMA Membership Directory	hkrma.tsv
wholesale_retail	retail_hkrma_member	Mann Sports Outlet	mann-sports.com	HKRMA Membership Directory	hkrma.tsv
wholesale_retail	retail_hkrma_member	Man Shing Photo Supplies Co Ltd 萬成攝影器材有限公司	manshingphoto.com	HKRMA Membership Directory	hkrma.tsv
wholesale_retail	retail_hkrma_member	Maraes Salon Limited 天瑞護髮用品中心	maraessalon.com	HKRMA Membership Directory	hkrma.tsv
wholesale_retail	retail_hkrma_member	ALF Retail Hong Kong Limited	marksandspencer.com	HKRMA Membership Directory	hkrma.tsv
wholesale_retail	retail_hkrma_member	Marvoo Luxury Limited 萬潮有限公司	marvoolondon.com	HKRMA Membership Directory	hkrma.tsv
wholesale_retail	retail_hkrma_member	May Ngan Company Limited 美顏(環球)有限公司	mayngan.com	HKRMA Membership Directory	hkrma.tsv
wholesale_retail	retail_hkrma_member	My Care Healthcare Limited 幸福元氣有限公司	mch.hk	HKRMA Membership Directory	hkrma.tsv
wholesale_retail	retail_hkrma_member	Celki International Limited 尚健國際有限公司	medelashop.com.hk	HKRMA Membership Directory	hkrma.tsv
wholesale_retail	retail_hkrma_member	Meilimson Company Limited 鎂欣有限公司	meilimson.com	HKRMA Membership Directory	hkrma.tsv
wholesale_retail	retail_hkrma_member	Meiriki Japan Co Limited 日本命力健康食品有限公司	meiriki-jp.com.hk	HKRMA Membership Directory	hkrma.tsv
wholesale_retail	retail_hkrma_member	Mei Yang Mama Baby Care International Holding Limited 美洋母嬰商品國際控股有限公司	meiyanghk.com	HKRMA Membership Directory	hkrma.tsv
wholesale_retail	retail_hkrma_member	MELLUX	melluxofficial.com	HKRMA Membership Directory	hkrma.tsv
wholesale_retail	retail_hkrma_member	Manilion's Limited 憶芯國際有限公司	menshoesnonfirestore.com	HKRMA Membership Directory	hkrma.tsv
wholesale_retail	retail_hkrma_member	Meow Cosmetics Mart HK Limited 美喵化妝生活百貨有限公司	meowcosmeticmarthk.com	HKRMA Membership Directory	hkrma.tsv
wholesale_retail	retail_hkrma_member	MICROSIGX BIOTECH DIAGNOSTIC LIMITED 微識生物科技診斷有限公司	microsigxtest.com	HKRMA Membership Directory	hkrma.tsv
wholesale_retail	retail_hkrma_member	Miera Company Limited	mierahk.com	HKRMA Membership Directory	hkrma.tsv
wholesale_retail	retail_hkrma_member	MIGO WATCHES LIMITED 時代鐘錶有限公司	migowatches.com	HKRMA Membership Directory	hkrma.tsv
wholesale_retail	retail_hkrma_member	Milan (HK) Ltd 米蘭(香港)有限公司	milanhkltd.com	HKRMA Membership Directory	hkrma.tsv
wholesale_retail	retail_hkrma_member	Milan Station (Hong Kong) Limited 米蘭站(香港)有限公司	milanstation.com	HKRMA Membership Directory	hkrma.tsv
wholesale_retail	retail_hkrma_member	Milan Station (Hong Kong) Limited 米蘭站(香港)有限公司	milanstation.shop	HKRMA Membership Directory	hkrma.tsv
wholesale_retail	retail_hkrma_member	Mini B Limited Mini B 歐洲名牌時裝	minib.me	HKRMA Membership Directory	hkrma.tsv
wholesale_retail	retail_hkrma_member	MIO SKIN 澪肌	mioskinhk.com	HKRMA Membership Directory	hkrma.tsv
wholesale_retail	retail_hkrma_member	MISCRYSTALHK LIMITED 衍杋水晶有限公司	miscrystalhk.com	HKRMA Membership Directory	hkrma.tsv
wholesale_retail	retail_hkrma_member	MISUTABAI COMPANY LIMITED	misutabai-online.com	HKRMA Membership Directory	hkrma.tsv
wholesale_retail	retail_hkrma_member	M22 Limited 香榭站有限公司	mmstation.hk	HKRMA Membership Directory	hkrma.tsv
wholesale_retail	retail_hkrma_member	MOCHIDOG LIMITED 麻糬狗寵物屋	mochidog.com.hk	HKRMA Membership Directory	hkrma.tsv
wholesale_retail	retail_hkrma_member	Moibo International Limited 鳴翹國際有限公司	moibotime.com	HKRMA Membership Directory	hkrma.tsv
wholesale_retail	retail_hkrma_member	Moka Riley Limited 莫卡萊利有限公司	mokavtghk.com	HKRMA Membership Directory	hkrma.tsv
wholesale_retail	retail_hkrma_member	Alison International Limited 雅麗神國際有限公司	momobeauty.com	HKRMA Membership Directory	hkrma.tsv
wholesale_retail	retail_hkrma_member	Man Shing Photo Supplies Co Ltd 萬成攝影器材有限公司	mswsphoto.com	HKRMA Membership Directory	hkrma.tsv
wholesale_retail	retail_hkrma_member	MW Beauty Skin 美容控 MW	mwbeauty.net	HKRMA Membership Directory	hkrma.tsv
wholesale_retail	retail_hkrma_member	Ambree WY Brand Management Company Limited 安珀文元品牌管理有限公司	mylittlekorner.com	HKRMA Membership Directory	hkrma.tsv
wholesale_retail	retail_hkrma_member	Adelesia & Adaman International 星達國際	myshopify.com	HKRMA Membership Directory	hkrma.tsv
wholesale_retail	retail_hkrma_member	My Smile 買到笑	mysmile.com.hk	HKRMA Membership Directory	hkrma.tsv
wholesale_retail	retail_hkrma_member	Scent Art Hong Kong Limited	mystiquehkperfume.com	HKRMA Membership Directory	hkrma.tsv
wholesale_retail	retail_hkrma_member	Nam Pei Hong Sum Yung Drugs Company Limited 南北行參茸葯材有限公司	nampeihong.com	HKRMA Membership Directory	hkrma.tsv
wholesale_retail	retail_hkrma_member	NATURAL.ER (HONG KONG) LIMITED 自然人(香港)有限公司	naturalerhk.com	HKRMA Membership Directory	hkrma.tsv
wholesale_retail	retail_hkrma_member	Cross International Limited 君政國際有限公司	nest1964.com	HKRMA Membership Directory	hkrma.tsv
wholesale_retail	retail_hkrma_member	Keyson International Limited 朝揚國際有限公司	netsaypro.com	HKRMA Membership Directory	hkrma.tsv
wholesale_retail	retail_hkrma_member	Newagecrystal.HK	newagecrystal.hk	HKRMA Membership Directory	hkrma.tsv
wholesale_retail	retail_hkrma_member	Natural Hair Recovery Center 自然療髮中心	nhrc.store	HKRMA Membership Directory	hkrma.tsv
wholesale_retail	retail_hkrma_member	Nike Hong Kong Limited	nike.com.hk	HKRMA Membership Directory	hkrma.tsv
wholesale_retail	retail_hkrma_member	Nobel Optical Shop 豪門眼鏡店	nobeloptical.com	HKRMA Membership Directory	hkrma.tsv
wholesale_retail	retail_hkrma_member	NOBLETIME Ltd	nobletimeltd.com	HKRMA Membership Directory	hkrma.tsv
wholesale_retail	retail_hkrma_member	Noble Cosmetics Company Limited 貴族化粧品有限公司	nobo.hk	HKRMA Membership Directory	hkrma.tsv
wholesale_retail	retail_hkrma_member	Ngong Ping 360 Limited 昂坪360有限公司	np360.com.hk	HKRMA Membership Directory	hkrma.tsv
wholesale_retail	retail_hkrma_member	Obsessplanet Holding Company Ltd 樂星控股有限公司	obsessplanet.com	HKRMA Membership Directory	hkrma.tsv
wholesale_retail	retail_hkrma_member	Ocean Park Corporation 海洋公園公司	oceanpark.com.hk	HKRMA Membership Directory	hkrma.tsv
wholesale_retail	retail_hkrma_member	OGREEN.HK	ogreen.hk	HKRMA Membership Directory	hkrma.tsv
wholesale_retail	retail_hkrma_member	Ohbaby Star Bless Company Limited	ohbabyhk.net	HKRMA Membership Directory	hkrma.tsv
wholesale_retail	retail_hkrma_member	Shopoholic Private Limited	ohlaluxury.com	HKRMA Membership Directory	hkrma.tsv
wholesale_retail	retail_hkrma_member	Vintageone Trading Limited 寶諾國際貿易有限公司	onesvintage.com	HKRMA Membership Directory	hkrma.tsv
wholesale_retail	retail_hkrma_member	On Excel Fine Wines Limited 優達酒業有限公司	onexcel-wine.com	HKRMA Membership Directory	hkrma.tsv
wholesale_retail	retail_hkrma_member	On Excel Fine Wines Limited 優達酒業有限公司	onexcelfinewines.com	HKRMA Membership Directory	hkrma.tsv
wholesale_retail	retail_hkrma_member	On Kee Dry Seafood Co. Ltd. 安記海味有限公司	onkee.com	HKRMA Membership Directory	hkrma.tsv
wholesale_retail	retail_hkrma_member	Online Fashion Skincare 網上護膚品專賣店	onlinefashion.com.hk	HKRMA Membership Directory	hkrma.tsv
wholesale_retail	retail_hkrma_member	OP BEAUTY INVESTMENT LIMITED	op-beauty.com	HKRMA Membership Directory	hkrma.tsv
wholesale_retail	retail_hkrma_member	Opak Cellar Limited 傲柏酒窖	opakcellar.com	HKRMA Membership Directory	hkrma.tsv
wholesale_retail	retail_hkrma_member	Optical 88 Limited 眼鏡88有限公司	optical88.com	HKRMA Membership Directory	hkrma.tsv
wholesale_retail	retail_hkrma_member	Optical 88 Limited 眼鏡88有限公司	optical88.com.hk	HKRMA Membership Directory	hkrma.tsv
wholesale_retail	retail_hkrma_member	Oriental Watch Company Ltd 東方表行有限公司	orientalwatch.com	HKRMA Membership Directory	hkrma.tsv
wholesale_retail	retail_hkrma_member	MYDISCOUNT TRADING LIMITED	outletexpress.com.hk	HKRMA Membership Directory	hkrma.tsv
wholesale_retail	retail_hkrma_member	Orient Fair Development Ltd 東輝發展有限公司	overlander.com.hk	HKRMA Membership Directory	hkrma.tsv
wholesale_retail	retail_hkrma_member	Owell International Ltd 傲威國際有限公司	owell.hk	HKRMA Membership Directory	hkrma.tsv
wholesale_retail	retail_hkrma_member	Ozakka 機不雜食	ozakka.com	HKRMA Membership Directory	hkrma.tsv
wholesale_retail	retail_hkrma_member	Pak Shing Tong Ginseng Co Ltd 百成堂參茸行有限公司	pakshingtong.com	HKRMA Membership Directory	hkrma.tsv
wholesale_retail	retail_hkrma_member	GIF Trading Company Limited	pamababy.store	HKRMA Membership Directory	hkrma.tsv
wholesale_retail	retail_hkrma_member	PAN TAK GROUP DEVELOPMENT CO LIMITED 鵬達集團發展有限公司	pantak.com.hk	HKRMA Membership Directory	hkrma.tsv
wholesale_retail	retail_hkrma_member	Paris Insider HK Limited	parisinsiderr.com	HKRMA Membership Directory	hkrma.tsv
wholesale_retail	retail_hkrma_member	Parsons Music Ltd 柏斯琴行有限公司	parsonsmusic.com	HKRMA Membership Directory	hkrma.tsv
wholesale_retail	retail_hkrma_member	Parsons Music Ltd 柏斯琴行有限公司	parsonsmusic.com.hk	HKRMA Membership Directory	hkrma.tsv
wholesale_retail	retail_hkrma_member	Cheuk Group Limited	patreajewelry.com	HKRMA Membership Directory	hkrma.tsv
wholesale_retail	retail_hkrma_member	Perfecto Gems & Diamond 巴飛圖珠寶	perfectojewellery.com	HKRMA Membership Directory	hkrma.tsv
wholesale_retail	retail_hkrma_member	PLS & CO	plssstore.hk	HKRMA Membership Directory	hkrma.tsv
wholesale_retail	retail_hkrma_member	Power Living Limited 香港動生活有限公司	powerliving.com.hk	HKRMA Membership Directory	hkrma.tsv
wholesale_retail	retail_hkrma_member	Premier Food Limited 尚品之薈有限公司	premierfood.com.hk	HKRMA Membership Directory	hkrma.tsv
wholesale_retail	retail_hkrma_member	NY Company Limited 安馹國際有限公司	pretties.com.hk	HKRMA Membership Directory	hkrma.tsv
wholesale_retail	retail_hkrma_member	Prettyland JP Limited	prettyland.com.hk	HKRMA Membership Directory	hkrma.tsv
wholesale_retail	retail_hkrma_member	Pretty	prettymallshop.com	HKRMA Membership Directory	hkrma.tsv
wholesale_retail	retail_hkrma_member	Pricerite Home Limited 實惠家居有限公司	pricerite.com.hk	HKRMA Membership Directory	hkrma.tsv
wholesale_retail	retail_hkrma_member	Prince Jewellery and Watch Company Limited 太子珠寶鐘錶有限公司	princejewellerywatch.com	HKRMA Membership Directory	hkrma.tsv
wholesale_retail	retail_hkrma_member	Princess Paradise Limited	princessparadise99.com	HKRMA Membership Directory	hkrma.tsv
wholesale_retail	retail_hkrma_member	PROSPEROUS (Asia) Limited	prosperoushk.com	HKRMA Membership Directory	hkrma.tsv
wholesale_retail	retail_hkrma_member	P-solution (HK) Ltd 思聯(香港)有限公司	psoluxury.com	HKRMA Membership Directory	hkrma.tsv
wholesale_retail	retail_hkrma_member	Puma Hong Kong Limited 彪馬香港有限公司	puma.com	HKRMA Membership Directory	hkrma.tsv
wholesale_retail	retail_hkrma_member	Guo Yao Tang Group Limited 國藥堂集團有限公司	pumentong.com.hk	HKRMA Membership Directory	hkrma.tsv
wholesale_retail	retail_hkrma_member	PF Hong Kong Company Limited	pumpfuryhk.store	HKRMA Membership Directory	hkrma.tsv
wholesale_retail	retail_hkrma_member	Puyi Optical Limited 溥儀眼鏡有限公司	puyi.com	HKRMA Membership Directory	hkrma.tsv
wholesale_retail	retail_hkrma_member	PYE (Hong Kong) Limited 派 (香港) 有限公司	pyeshirts.com	HKRMA Membership Directory	hkrma.tsv
wholesale_retail	retail_hkrma_member	Jebsen Medicine (HK) Co. Ltd. 捷成藥業（香港）有限公司	pzh.com.hk	HKRMA Membership Directory	hkrma.tsv
wholesale_retail	retail_hkrma_member	Queen Luxury Limited Jo女皇代購	queenluxury.com.hk	HKRMA Membership Directory	hkrma.tsv
wholesale_retail	retail_hkrma_member	Rare Rare Ltd	rarerare.com.hk	HKRMA Membership Directory	hkrma.tsv
wholesale_retail	retail_hkrma_member	Remfly Hongkong Limited	remfly.com.hk	HKRMA Membership Directory	hkrma.tsv
wholesale_retail	retail_hkrma_member	Rodeo Drive Japan Co Limited 羅迪歐有限公司	rodeodrive.com.hk	HKRMA Membership Directory	hkrma.tsv
wholesale_retail	retail_hkrma_member	Brilliant International (H.K.) Group Limited 輝煌國際（香港）集團有限公司	rosellejewelry.com	HKRMA Membership Directory	hkrma.tsv
wholesale_retail	retail_hkrma_member	Regina Skin Medical Company Limited 維珍妮肌膚再生醫美有限公司	rskinmed.com	HKRMA Membership Directory	hkrma.tsv
wholesale_retail	retail_hkrma_member	RWW Watch Company 世博鐘錶貿易公司	rwwwatch.com	HKRMA Membership Directory	hkrma.tsv
wholesale_retail	retail_hkrma_member	Safegear Safe Limited 夾萬王有限公司	safegearsafe.com	HKRMA Membership Directory	hkrma.tsv
wholesale_retail	retail_hkrma_member	Salalabeauty Company Ltd 奧華麗集團有限公司	salalabeauty.com	HKRMA Membership Directory	hkrma.tsv
wholesale_retail	retail_hkrma_member	Sa Sa Cosmetic Company Limited 莎莎化粧品有限公司	sasa.com	HKRMA Membership Directory	hkrma.tsv
wholesale_retail	retail_hkrma_member	Kengtech Industrial Limited 庚德祥行有限公司	scenoitaly.com	HKRMA Membership Directory	hkrma.tsv
wholesale_retail	retail_hkrma_member	Semart Group Limited	selectmarthk.com	HKRMA Membership Directory	hkrma.tsv
wholesale_retail	retail_hkrma_member	Smart Home Professional Services Ltd 智舒適家居服務有限公司	shome.com.hk	HKRMA Membership Directory	hkrma.tsv
wholesale_retail	retail_hkrma_member	360GN LIMITED	shoplineapp.com	HKRMA Membership Directory	hkrma.tsv
wholesale_retail	retail_hkrma_member	Shoplux Co Limited 尚品樂事有限公司	shoplux.com.hk	HKRMA Membership Directory	hkrma.tsv
wholesale_retail	retail_hkrma_member	Regina Skin Medical Company Limited 維珍妮肌膚再生醫美有限公司	shopreginabeauty.com	HKRMA Membership Directory	hkrma.tsv
wholesale_retail	retail_hkrma_member	Sia Group Limited 詩雅集團有限公司	siamei.com	HKRMA Membership Directory	hkrma.tsv
wholesale_retail	retail_hkrma_member	Sia Group Limited 詩雅集團有限公司	siamei.store	HKRMA Membership Directory	hkrma.tsv
wholesale_retail	retail_hkrma_member	SIMPLE FEEL 日韓護膚化妝品店	simplefeelhk.com	HKRMA Membership Directory	hkrma.tsv
wholesale_retail	retail_hkrma_member	Becos Trading Company Limited 名匯鐘錶貿易有限公司	siskingdom.com.hk	HKRMA Membership Directory	hkrma.tsv
wholesale_retail	retail_hkrma_member	Skechers Hong Kong Limited 斯凱奇有限公司	skechers.com.hk	HKRMA Membership Directory	hkrma.tsv
wholesale_retail	retail_hkrma_member	Tong Shing (Int'l) Co., Limited 東盛貿易(國際)有限公司	skinchoicebeauty.com	HKRMA Membership Directory	hkrma.tsv
wholesale_retail	retail_hkrma_member	Skin Pro Limited 美肌堡有限公司	skinpro.com.hk	HKRMA Membership Directory	hkrma.tsv
wholesale_retail	retail_hkrma_member	Skin Pro Limited 美肌堡有限公司	skinproshop.hk	HKRMA Membership Directory	hkrma.tsv
wholesale_retail	retail_hkrma_member	SLENDER (HK) Company Limited 詩連達(香港)有限公司	slenderstone.it	HKRMA Membership Directory	hkrma.tsv
wholesale_retail	retail_hkrma_member	Shing Lung Hong Company 成隆行	slh.com.hk	HKRMA Membership Directory	hkrma.tsv
wholesale_retail	retail_hkrma_member	Snookery	snookery.hk	HKRMA Membership Directory	hkrma.tsv
wholesale_retail	retail_hkrma_member	SOGO Hong Kong Company Limited 崇光(香港)百貨有限公司	sogo.com.hk	HKRMA Membership Directory	hkrma.tsv
wholesale_retail	retail_hkrma_member	SOUNDWISER LIMITED 聲煒樂有限公司	soundwiser.com.hk	HKRMA Membership Directory	hkrma.tsv
wholesale_retail	retail_hkrma_member	Sozo Luxury International Limited	sozoluxury.com	HKRMA Membership Directory	hkrma.tsv
wholesale_retail	retail_hkrma_member	Star Pet International Limited 星星寵物有限公司	starpet.com.hk	HKRMA Membership Directory	hkrma.tsv
wholesale_retail	retail_hkrma_member	Starswheelchair Technology Limited 星之輪椅科技有限公司	starswheelchair.com	HKRMA Membership Directory	hkrma.tsv
wholesale_retail	retail_hkrma_member	Storeast Company	storeast.com	HKRMA Membership Directory	hkrma.tsv
wholesale_retail	retail_hkrma_member	Strawberry Cosmetics (Services) Ltd. 草莓有限公司	strawberrynet.com	HKRMA Membership Directory	hkrma.tsv
wholesale_retail	retail_hkrma_member	Stylekiki Limited 山祈貿易有限公司	stylekiki.com	HKRMA Membership Directory	hkrma.tsv
wholesale_retail	retail_hkrma_member	Sup 3 Store 拾衫舍	sup3store.com	HKRMA Membership Directory	hkrma.tsv
wholesale_retail	retail_hkrma_member	Supergo Company Limited 崇高有限公司	supergo.com.hk	HKRMA Membership Directory	hkrma.tsv
wholesale_retail	retail_hkrma_member	SUPREME STAR LTD. 星生有限公司	supreme-lifestyles.com	HKRMA Membership Directory	hkrma.tsv
wholesale_retail	retail_hkrma_member	Supreme Company 永高行	supremeco.com.hk	HKRMA Membership Directory	hkrma.tsv
wholesale_retail	retail_hkrma_member	Swire Resources Limited 太古資源有限公司	swire-resources.com	HKRMA Membership Directory	hkrma.tsv
wholesale_retail	retail_hkrma_member	Tai Fook Hong International Company Limited 大福行(國際)有限公司	taifookhong.com.hk	HKRMA Membership Directory	hkrma.tsv
wholesale_retail	retail_hkrma_member	IMPERIAL GALLERY LIMITED 官茶坊有限公司	teachateau.com	HKRMA Membership Directory	hkrma.tsv
wholesale_retail	retail_hkrma_member	Worldteam Corporation Ltd 群升有限公司	teisteshop.com	HKRMA Membership Directory	hkrma.tsv
wholesale_retail	retail_hkrma_member	Tenchi Holdings Limited	tenchimall.com	HKRMA Membership Directory	hkrma.tsv
wholesale_retail	retail_hkrma_member	WLS Limited 维仕有限公司	thann.com.hk	HKRMA Membership Directory	hkrma.tsv
wholesale_retail	retail_hkrma_member	Liudo Studio Limited 了竇有限公司	thepreface.hk	HKRMA Membership Directory	hkrma.tsv
wholesale_retail	retail_hkrma_member	Top Captain Limited 騰潢有限公司	thevintageconcept.com	HKRMA Membership Directory	hkrma.tsv
wholesale_retail	retail_hkrma_member	The Watch & Jewellery Shop Limited 首錶有限公司	thewatchandjewelleryshop.com	HKRMA Membership Directory	hkrma.tsv
wholesale_retail	retail_hkrma_member	THE WORLD SIGNS LIMITED 世界名品有限公司	theworldsigns.com	HKRMA Membership Directory	hkrma.tsv
wholesale_retail	retail_hkrma_member	Thumbs Up Watch Limited 心迪鐘錶有限公司	thumbsupwatch.com	HKRMA Membership Directory	hkrma.tsv
wholesale_retail	retail_hkrma_member	Win Zone Corporation Limited 域勝有限公司	timeattackwatches.com	HKRMA Membership Directory	hkrma.tsv
wholesale_retail	retail_hkrma_member	Ting Diamond Limited Ting 鑽石及珠寶有限公司	tingdiamond.com	HKRMA Membership Directory	hkrma.tsv
wholesale_retail	retail_hkrma_member	TMF Company Limited 家匠有限公司	tmf.hk	HKRMA Membership Directory	hkrma.tsv
wholesale_retail	retail_hkrma_member	Tom Lee Music Co Ltd 通利琴行有限公司	tomleemusic.com.hk	HKRMA Membership Directory	hkrma.tsv
wholesale_retail	retail_hkrma_member	Top One Luxury 一奢品	toponeluxury.com	HKRMA Membership Directory	hkrma.tsv
wholesale_retail	retail_hkrma_member	Toys “R” Us (Hong Kong) Limited	toysrus.com.hk	HKRMA Membership Directory	hkrma.tsv
wholesale_retail	retail_hkrma_member	TSL Jewellery (H.K.) Co. Limited 謝瑞麟珠寶(香港)有限公司	tslj.com	HKRMA Membership Directory	hkrma.tsv
wholesale_retail	retail_hkrma_member	TSUKIMI JAPAN LIMITED 月見日本有限公司	tsukimixjapan.com	HKRMA Membership Directory	hkrma.tsv
wholesale_retail	retail_hkrma_member	CONCENTRIC DEVELOPMENT LIMITED 同心國際發展有限公司	tungsumtong.hk	HKRMA Membership Directory	hkrma.tsv
wholesale_retail	retail_hkrma_member	Sitoy Retailing Limited 時代零售有限公司	tuscansfirenze.com	HKRMA Membership Directory	hkrma.tsv
wholesale_retail	retail_hkrma_member	Worldteam Corporation Ltd 群升有限公司	twist.hk	HKRMA Membership Directory	hkrma.tsv
wholesale_retail	retail_hkrma_member	TWO Collection	twocollection.com	HKRMA Membership Directory	hkrma.tsv
wholesale_retail	retail_hkrma_member	Ulferts of Sweden (Far East) Ltd 瑞典歐化(遠東)有限公司	ulferts.com.hk	HKRMA Membership Directory	hkrma.tsv
wholesale_retail	retail_hkrma_member	Umarket Con	umarketcon.com	HKRMA Membership Directory	hkrma.tsv
wholesale_retail	retail_hkrma_member	Usko Optical	uskooptical.com.hk	HKRMA Membership Directory	hkrma.tsv
wholesale_retail	retail_hkrma_member	Unique Timepieces Watches Holdings Limited 譽一鐘錶集團有限公司	utpieces.com	HKRMA Membership Directory	hkrma.tsv
wholesale_retail	retail_hkrma_member	Veeko Fashion Company Limited 威高時裝有限公司	veeko.com.hk	HKRMA Membership Directory	hkrma.tsv
wholesale_retail	retail_hkrma_member	VERY GOOD VISION COMPANY LIMITED 有眼福有限公司	vgvoptical.com	HKRMA Membership Directory	hkrma.tsv
wholesale_retail	retail_hkrma_member	Victory International Company 域勝國際公司	vic-intl.com	HKRMA Membership Directory	hkrma.tsv
wholesale_retail	retail_hkrma_member	VIC.HK Limited 域士 ‧ 香港有限公司	vic.hk	HKRMA Membership Directory	hkrma.tsv
wholesale_retail	retail_hkrma_member	Excellent Worldwide Trading Limited	vipstation.com.hk	HKRMA Membership Directory	hkrma.tsv
wholesale_retail	retail_hkrma_member	Vivid Beauty Limited 開心美麗世界有限公司	vividbeauty.co	HKRMA Membership Directory	hkrma.tsv
wholesale_retail	retail_hkrma_member	Vivi Power Holding Limited 惠力控股集團有限公司	vivienyeobeautystore.com	HKRMA Membership Directory	hkrma.tsv
wholesale_retail	retail_hkrma_member	Vivi Power Holding Limited 惠力控股集團有限公司	vivienyeobeautystore.hk	HKRMA Membership Directory	hkrma.tsv
wholesale_retail	retail_hkrma_member	EXODIA LIMITED	vootic.com	HKRMA Membership Directory	hkrma.tsv
wholesale_retail	retail_hkrma_member	Wah Hing Construction Waterproof Materials Limited 華興建築防水材料有限公司	wahhingwp.com	HKRMA Membership Directory	hkrma.tsv
wholesale_retail	retail_hkrma_member	Wai Shing Wine International Co Ltd 偉成洋酒國際有限公司	waishingwine.com.hk	HKRMA Membership Directory	hkrma.tsv
wholesale_retail	retail_hkrma_member	Wai Yuen Tong (Retail) Limited 位元堂(零售)有限公司	waiyuentong.com	HKRMA Membership Directory	hkrma.tsv
wholesale_retail	retail_hkrma_member	Watch Access Limited 易德錶有限公司	watchaccess.hk	HKRMA Membership Directory	hkrma.tsv
wholesale_retail	retail_hkrma_member	King's Enterprise Trading Limited 金時企業貿易有限公司	watchhunter.com.hk	HKRMA Membership Directory	hkrma.tsv
wholesale_retail	retail_hkrma_member	Watson's the Chemist 屈臣氏大藥房	watsons.com.hk	HKRMA Membership Directory	hkrma.tsv
wholesale_retail	retail_hkrma_member	WAW Corporate Servicecs Limited	waw.com.hk	HKRMA Membership Directory	hkrma.tsv
wholesale_retail	retail_hkrma_member	Working Apparel World (Hong Kong) Limited 家策(香港)有限公司	wawhk.com	HKRMA Membership Directory	hkrma.tsv
wholesale_retail	retail_hkrma_member	DFI Retail Group - Wellcome 牛奶有限公司 - 惠康	wellcome.com.hk	HKRMA Membership Directory	hkrma.tsv
wholesale_retail	retail_hkrma_member	WeWatch Limited 買錶有限公司	wewatch.com.hk	HKRMA Membership Directory	hkrma.tsv
wholesale_retail	retail_hkrma_member	Mild International Co., Limited	whiskynmalt.com	HKRMA Membership Directory	hkrma.tsv
wholesale_retail	retail_hkrma_member	Winfast Watch & Jewellery Limited 永發錶飾有限公司	winfastwj.com	HKRMA Membership Directory	hkrma.tsv
wholesale_retail	retail_hkrma_member	Wing Shing Photo Supplies Co Ltd 永成攝影器材有限公司	wingshingphoto.com	HKRMA Membership Directory	hkrma.tsv
wholesale_retail	retail_hkrma_member	Siu Pak Living Limited 小白生活有限公司	woju.hk	HKRMA Membership Directory	hkrma.tsv
wholesale_retail	retail_hkrma_member	WONDER LENS	wonderlens-hk.com	HKRMA Membership Directory	hkrma.tsv
wholesale_retail	retail_hkrma_member	Woodsfield (Japan) Pharmaceutical Limited 日本森田醫藥有限公司	woodsfieldpharma.com	HKRMA Membership Directory	hkrma.tsv
wholesale_retail	retail_hkrma_member	Worldbuy	worldbuyluxury.com	HKRMA Membership Directory	hkrma.tsv
wholesale_retail	retail_hkrma_member	Worldtimer Limited	worldtimer.com.hk	HKRMA Membership Directory	hkrma.tsv
wholesale_retail	retail_hkrma_member	Wright Life Pharmaceutical Limited	wrightlife.com.hk	HKRMA Membership Directory	hkrma.tsv
wholesale_retail	retail_hkrma_member	W&W Cosmetics Trading Limited 水上水化妝品貿易有限公司	wwmall.hk	HKRMA Membership Directory	hkrma.tsv
wholesale_retail	retail_hkrma_member	Wai Yuen Tong (Retail) Limited 位元堂(零售)有限公司	wyteshop.com	HKRMA Membership Directory	hkrma.tsv
wholesale_retail	retail_hkrma_member	Yarn-Mart Company Limited 紗線之城有限公司	yarnmart.net	HKRMA Membership Directory	hkrma.tsv
wholesale_retail	retail_hkrma_member	YATA Ltd 一田有限公司	yata.hk	HKRMA Membership Directory	hkrma.tsv
wholesale_retail	retail_hkrma_member	Ycshopping Wholesale Company 懿酲全球生活百貨	ycshopping.store	HKRMA Membership Directory	hkrma.tsv
wholesale_retail	retail_hkrma_member	YAKI Champion Boutique Limited 貴族國際貿易有限公司	ycyaki.com	HKRMA Membership Directory	hkrma.tsv
wholesale_retail	retail_hkrma_member	Yoanna.L	yoannal.com	HKRMA Membership Directory	hkrma.tsv
wholesale_retail	retail_hkrma_member	Yue Hwa Chinese Products Emporium Ltd 裕華國產百貨有限公司	yuehwa.com	HKRMA Membership Directory	hkrma.tsv
wholesale_retail	retail_hkrma_member	Yam's Home and Living 任意生活空間	zakka-store.com	HKRMA Membership Directory	hkrma.tsv
wholesale_retail	retail_hkrma_member	SAKURA BEAUTY & HEALTH LIMITED 櫻花美妝藥館有限公司	zakura.com.hk	HKRMA Membership Directory	hkrma.tsv
wholesale_retail	retail_hkrma_member	Focus Pacific International Limited 富思太平洋國際有限公司	zzuecreation.com	HKRMA Membership Directory	hkrma.tsv
